Ticker,weight
AC* MM Equity,0.03866781126472503
AGUA* MM Equity,2.930413214270751e-16
ALPEKA MM Equity,7.749155035021375e-16
ALSEA* MM Equity,2.743228516155153e-16
AMXB MM Equity,0.0
ASURB MM Equity,0.005758062366095569
AXTELCPO MM Equity,1.1012785905497783e-17
BBAJIOO MM Equity,0.1099322562849286
BIMBOA MM Equity,0.0
BOLSAA MM Equity,0.0
CEMEXCPO MM Equity,0.012220555922055211
COXA* MM Equity,8.623912795000664e-16
DANHOS13 MM Equity,0.0
EDUCA18 MM Equity,0.2712946053551322
ELEKTRA* MM Equity,1.3709450200579772e-15
FIBRAMQ MM Equity,0.0
FIBRAPL MM Equity,7.269714435687385e-18
FIHO12 MM Equity,0.15229627703748372
FMTY14 MM Equity,1.6498122504072706e-16
FUNO11 MM Equity,2.7482085107042207e-16
GAPB MM Equity,0.06941711387346793
GCC* MM Equity,0.07019833582905072
GENTERA* MM Equity,0.06849563411219177
GFNORTEO MM Equity,8.992604562720742e-18
GMEXICOB MM Equity,0.03671916773692779
HCITY* MM Equity,1.5418165217233494e-15
HERDEZ* MM Equity,0.03186434372683041
IDEALB1 MM Equity,0.0
KIMBERA MM Equity,0.0
KOFUBL MM Equity,0.01525590310970147
LABB MM Equity,0.0
LIVEPOL1 MM Equity,0.09998228813680599
NEMAKA MM Equity,0.0
OMAB MM Equity,0.0
ORBIA* MM Equity,8.845897157238382e-16
PE&OLES* MM Equity,0.0
RA MM Equity,0.01707889865963215
STORAGE MM Equity,0.0
TRAXIONA MM Equity,7.149468255331053e-17
VESTA* MM Equity,0.000818746584969802
VINTE* MM Equity,0.0
VITROA MM Equity,6.074105091234291e-16
VOLARA MM Equity,0.0
WALMEX* MM Equity,6.447437419927348e-16
