Ticker,weight
AC* MM Equity,0.026043888247473515
AGUA* MM Equity,0.0
ALFAA MM Equity,0.014579474222865213
ALPEKA MM Equity,0.0
ALSEA* MM Equity,1.580492621672251e-14
AMXB MM Equity,7.551340034171878e-16
ARA* MM Equity,1.17928177524942e-14
ASURB MM Equity,0.0020984403834435703
AXTELCPO MM Equity,0.0
BAFARB MM Equity,0.10989742682989166
BBAJIOO MM Equity,0.006846354642240067
BIMBOA MM Equity,1.2430693282562553e-14
BOLSAA MM Equity,0.0
CADUA MM Equity,0.0
CEMEXCPO MM Equity,1.2593495930836489e-14
CHDRAUIB MM Equity,0.12316598420486388
COXA* MM Equity,1.729869002232611e-14
CUERVO* MM Equity,0.0
CYDSASAA MM Equity,0.0
DANHOS13 MM Equity,0.0
EDUCA18 MM Equity,0.09073269846330967
ELEKTRA* MM Equity,0.0
FEMSAUBD MM Equity,1.7669397194121696e-15
FIBRAMQ MM Equity,2.30053215373178e-15
FIBRAPL MM Equity,6.246684616602274e-15
FIBRAUP MM Equity,2.68154579785002e-15
FIHO12 MM Equity,0.045276033175093953
FMTY14 MM Equity,1.1025385482501203e-14
FSHOP13 MM Equity,0.0033426952149067796
FUNO11 MM Equity,1.8688804630049278e-15
GAPB MM Equity,0.0009251577131247446
GCARSOA1 MM Equity,0.013271599101287428
GCC* MM Equity,1.58839525320265e-14
GENTERA* MM Equity,0.0059107868060735026
GFAMSAA MM Equity,0.0
GFINBURO MM Equity,9.157676007390678e-15
GFNORTEO MM Equity,9.162480023820612e-15
GICSAB MM Equity,0.0
GIGANTE* MM Equity,5.74095225420821e-16
GMEXICOB MM Equity,1.1681272150760765e-14
GMXT* MM Equity,1.2479246275267028e-14
GRUMAB MM Equity,5.107471536564808e-15
HCITY* MM Equity,0.0
HERDEZ* MM Equity,1.2107524697971863e-14
ICHB MM Equity,0.041599806973150515
IDEALB1 MM Equity,9.953149071491957e-15
KIMBERA MM Equity,0.0
KOFUBL MM Equity,1.3481293624529665e-14
KUOB MM Equity,0.0
LABB MM Equity,0.0
LACOMUBC MM Equity,0.0
LAMOSA* MM Equity,0.23646918372969267
LIVEPOL1 MM Equity,0.03278460709111724
MEGACPO MM Equity,0.0
MFRISCOA MM Equity,1.7834162019033364e-14
NEMAKA MM Equity,0.0
OMAB MM Equity,8.92743519485784e-15
ORBIA* MM Equity,0.0
PE&OLES* MM Equity,1.438991146747569e-15
PINFRA* MM Equity,0.0
Q* MM Equity,0.02524601922457674
RA MM Equity,1.130012301652614e-14
SIMECB MM Equity,0.1291838423321601
SITES1 MM Equity,0.0
SORIANAB MM Equity,1.3485535895574579e-14
STORAGE MM Equity,1.3815773387009135e-14
TERRA13 MM Equity,3.450228539936071e-15
TLEVICPO MM Equity,0.0
TRAXIONA MM Equity,9.586825869261758e-15
UNIFINA MM Equity,0.0
VESTA* MM Equity,0.004748138158739374
VINTE* MM Equity,1.4510700473823944e-14
VISTAA MM Equity,0.08787786348614329
VITROA MM Equity,0.0
VOLARA MM Equity,7.263369575727228e-15
WALMEX* MM Equity,0.0
